{"0.16360705069975712":{"user_id":1},"0.5107997428488744":{"user_id":1},"0.8319497360835677":{"user_id":1},"0.49353084770420974":{"user_id":5}}